observation_id,service_category,sub_service,source_url,source_date,observed_date,geography,minimum_nis,maximum_nis,typical_nis,vat_included,materials_included,callout_included,pricing_basis,minimum_charge,urgency_surcharge,night_weekend_holiday_surcharge,travel_adjustment,included,excluded,conditions,evidence_type,confidence,typical_type,source_scope,local_price_status,provisional,manual_validation_required,source_id
NAT_PRO_HANDY_VISIT,Handyman visits,Standard handyman visit,https://www.pro.co.il/handymen/pricing/handyman-service,not displayed,2026-08-20,Israel (national),250,350,300,Yes,Not specified,Yes; visit price,per visit,250,Night/Shabbat/holiday may increase 150%-200%,150%-200% increase possible,Not specified,"Standard-hours visit, Sunday-Thursday 07:00-19:00",Materials and scope not specified,Standard working hours,Verified national price list,High,observed average stated by source,National,National benchmark; not local price evidence. No verified local price evidence found.,No,No,SRC_NAT_PRO_HANDY_VISIT
NAT_PRO_TV,Installation,TV mounting with standard arm up to 42 inches,https://www.pro.co.il/handymen/pricing,not displayed,2026-08-20,Israel (national),250,300,275,Yes,No; arm excluded,Not specified,per item,250,Visit prices may rise 150%-200% outside standard hours,150%-200% possible,Not specified,Installation labor for standard arm up to 42 inches,TV arm,Size limited to 42 inches; wall/cable work not specified,Verified national price list,High,calculated midpoint,National,National benchmark; not local price evidence. No verified local price evidence found.,No,No,SRC_NAT_PRO_TV
NAT_PRO_PICTURE,Installation,Single picture hanging,https://www.pro.co.il/handymen/pricing,not displayed,2026-08-20,Israel (national),150,150,150,Yes,No; picture excluded,Not specified,per item,150,Not specified,150%-200% possible at visit level,Not specified,Hanging one picture,Picture,One item only,Verified national price list,High,calculated midpoint,National,National benchmark; not local price evidence. No verified local price evidence found.,No,No,SRC_NAT_PRO_PICTURE
NAT_PRO_MIRROR,Installation,Single mirror installation,https://www.pro.co.il/handymen/pricing,not displayed,2026-08-20,Israel (national),200,400,300,Yes,No; mirror excluded,Not specified,per item,200,Not specified,150%-200% possible at visit level,Not specified,Hanging one mirror,Mirror,Weight/wall type not specified,Verified national price list,High,calculated midpoint,National,National benchmark; not local price evidence. No verified local price evidence found.,No,No,SRC_NAT_PRO_MIRROR
NAT_PRO_SHELVES,Installation,Up to three shelves installation,https://www.pro.co.il/handymen/pricing,not displayed,2026-08-20,Israel (national),300,350,325,Yes,Not specified,Not specified,per bundle up to 3 shelves,300,Not specified,150%-200% possible at visit level,Not specified,Installation of up to three shelves,Not specified,Wall/load type not specified,Verified national price list,High,calculated midpoint,National,National benchmark; not local price evidence. No verified local price evidence found.,No,No,SRC_NAT_PRO_SHELVES
NAT_PRO_CURTAIN,Installation,One curtain hanging,https://www.pro.co.il/handymen/pricing,not displayed,2026-08-20,Israel (national),200,300,250,Yes,No; curtain excluded,Not specified,per curtain,200,Not specified,150%-200% possible at visit level,Not specified,Hanging one curtain,Curtain,Rail type/surface not specified,Verified national price list,High,calculated midpoint,National,National benchmark; not local price evidence. No verified local price evidence found.,No,No,SRC_NAT_PRO_CURTAIN
NAT_PRO_FURN_SMALL,Furniture assembly,Small furniture assembly,https://www.pro.co.il/handymen/pricing,not displayed,2026-08-20,Israel (national),300,400,350,Yes,Not specified,Not specified,per item,300,Not specified,150%-200% possible at visit level,Not specified,"Small furniture such as TV unit, desk or utility cabinet",Not specified,Changes with size and complexity,Verified national price list,High,calculated midpoint,National,National benchmark; not local price evidence. No verified local price evidence found.,No,No,SRC_NAT_PRO_FURN_SMALL
NAT_PRO_FURN_LARGE,Furniture assembly,Large furniture assembly,https://www.pro.co.il/handymen/pricing,not displayed,2026-08-20,Israel (national),300,500,400,Yes,Not specified,Not specified,per item,300,Not specified,150%-200% possible at visit level,Not specified,"Large furniture such as bed, wardrobe or wall unit",Not specified,Changes with size and complexity,Verified national price list,High,calculated midpoint,National,National benchmark; not local price evidence. No verified local price evidence found.,No,No,SRC_NAT_PRO_FURN_LARGE
NAT_PRO_PAINT,Painting,Small paint repair,https://www.pro.co.il/handymen/pricing,not displayed,2026-08-20,Israel (national),300,500,400,Yes,Not specified,Not specified,per small repair,300,Not specified,150%-200% possible at visit level,Not specified,Small paint repair,Not specified,Color matching and area not specified,Verified national price list,High,calculated midpoint,National,National benchmark; not local price evidence. No verified local price evidence found.,No,No,SRC_NAT_PRO_PAINT
NAT_PRO_PATCH,Patching,Small putty repair,https://www.pro.co.il/handymen/pricing,not displayed,2026-08-20,Israel (national),300,400,350,Yes,Not specified,Not specified,per small repair,300,Not specified,150%-200% possible at visit level,Not specified,Small putty repair,Not specified,Moisture/structural cause excluded unless separately scoped,Verified national price list,High,calculated midpoint,National,National benchmark; not local price evidence. No verified local price evidence found.,No,No,SRC_NAT_PRO_PATCH
NAT_PRO_SEAL,Sealing,Seal cracks/gaps between counter and ceramic,https://www.pro.co.il/handymen/pricing,not displayed,2026-08-20,Israel (national),280,350,315,Yes,Not specified,Not specified,per scoped repair,280,Not specified,150%-200% possible at visit level,Not specified,Sealing cracks/gaps between counter and ceramic,Root-cause remediation not specified,Surface condition and length not specified,Verified national price list,High,calculated midpoint,National,National benchmark; not local price evidence. No verified local price evidence found.,No,No,SRC_NAT_PRO_SEAL
NAT_MID_POST4,Post-renovation cleaning,Four-room apartment post-renovation cleaning,https://www.midrag.co.il/Content/Price/4409,not displayed,2026-08-20,Israel (national),1500,3200,2350,Not specified,Not specified,Not specified,per apartment,1500,Summer demand may raise price; no numeric surcharge stated,Not specified,Not specified,"Full post-renovation cleaning, windows generally included","Waste removal, wall cleaning, appliance cleaning; polish extra","Condition, size, levels, residue and glass affect quote",Verified national guide with example prices,High,calculated midpoint,National,National benchmark; not local price evidence. No verified local price evidence found.,Yes,Yes,SRC_NAT_MID_POST4
NAT_MID_POST100,Post-renovation cleaning,"Standard 4-room, 100 sqm example",https://www.midrag.co.il/Content/Price/4409,not displayed,2026-08-20,Israel (national),1300,2000,1650,Not specified,Not specified,Not specified,per 100 sqm 4-room apartment,1300,Not specified,Not specified,Not specified,Post-renovation cleaning example,"Polish; waste removal, wall and appliance cleaning",Upper figure when multiple levels,Verified national guide example,Medium,calculated midpoint,National,National benchmark; not local price evidence. No verified local price evidence found.,Yes,Yes,SRC_NAT_MID_POST100
NAT_MID_POST5,Post-renovation cleaning,"Five-room, 120 sqm example",https://www.midrag.co.il/Content/Price/4409,not displayed,2026-08-20,Israel (national),1700,2300,2000,Not specified,Not specified,Not specified,per 120 sqm apartment,1700,Not specified,Not specified,Not specified,Post-renovation cleaning example,"Polish; waste removal, wall and appliance cleaning",Number of levels affects price,Verified national guide example,Medium,calculated midpoint,National,National benchmark; not local price evidence. No verified local price evidence found.,Yes,Yes,SRC_NAT_MID_POST5
NAT_MID_GLASS4,Window/shutter/track cleaning,"Many windows or glass walls add-on, 4-room post-renovation job",https://www.midrag.co.il/Content/Price/4409,not displayed,2026-08-20,Israel (national),300,400,350,Not specified,Not specified,Not applicable,add-on per apartment,300,Not specified,Not specified,Not specified,Additional windows/glass cleaning,High-risk access not specified,Many windows/glass walls; site visit recommended for garden/penthouse,Verified national guide example,High,calculated midpoint,National,National benchmark; not local price evidence. No verified local price evidence found.,Yes,Yes,SRC_NAT_MID_GLASS4
NAT_MID_AC_FILTER,Routine AC cleaning,Split AC filter cleaning,https://www.midrag.co.il/Content/SectorPriceList/18,not displayed,2026-08-20,Israel (national),262,325,293.5,Not specified,Not specified,Not specified,per unit/service,262,Not specified,Not specified,Not specified,Filter cleaning of wall-mounted unit,"Deep cleaning, mold treatment, refrigerant/electrical repair",Accessible wall unit,Verified national price list,High,calculated midpoint,National,National benchmark; not local price evidence. No verified local price evidence found.,Yes,Yes,SRC_NAT_MID_AC_FILTER
NAT_MID_AC_DEEP,Routine AC cleaning,Deep split AC cleaning,https://www.midrag.co.il/Content/SectorPriceList/18,not displayed,2026-08-20,Israel (national),377,565,471,Not specified,Not specified,Not specified,per unit/service,377,Not specified,Not specified,Not specified,Deep cleaning of wall-mounted AC,Technical repair/refrigerant not specified,Accessible unit,Verified national price list,High,calculated midpoint,National,National benchmark; not local price evidence. No verified local price evidence found.,Yes,Yes,SRC_NAT_MID_AC_DEEP
NAT_MID_AC_MOLD,Routine AC cleaning,Mold cleaning of split AC,https://www.midrag.co.il/Content/SectorPriceList/18,not displayed,2026-08-20,Israel (national),360,550,455,Not specified,Not specified,Not specified,per unit/service,360,Not specified,Not specified,Not specified,Mold cleaning of wall-mounted AC,Electrical/refrigerant repair not specified,Accessible unit,Verified national price list,High,calculated midpoint,National,National benchmark; not local price evidence. No verified local price evidence found.,Yes,Yes,SRC_NAT_MID_AC_MOLD
NAT_MID_AC_VISIT,Air conditioning,Technician diagnostic visit only,https://www.midrag.co.il/Content/SectorPriceList/18,not displayed,2026-08-20,Israel (national),283,351,317,Not specified,No; diagnostic only,Yes,per visit,283,Not specified,Not specified,Not specified,Inspection/diagnosis only,Repair and parts,Visit only,Verified national price list,High,calculated midpoint,National,National benchmark; not local price evidence. No verified local price evidence found.,Yes,Yes,SRC_NAT_MID_AC_VISIT
